{
  "AIRBORNES4_1": {
    "mtime": "1773849816.7818584",
    "hp": 1516594,
    "atk": 423244
  },
  "AIRBORNES4_2": {
    "mtime": "1773849818.1621184",
    "hp": 708229,
    "atk": 199209
  },
  "AIRBORNES4_3": {
    "mtime": "1773601795.8604636",
    "hp": 1438060,
    "atk": 272796
  },
  "ASABIITOSBAA_1": {
    "mtime": "1773526180.4822576",
    "hp": 857844,
    "atk": 182636
  },
  "ASABIITOSBAA_2": {
    "mtime": "1773526182.4323978",
    "hp": 216320,
    "atk": 9331
  },
  "ASABIITOSBAA_3": {
    "mtime": "1773526210.529433",
    "hp": 1516594,
    "atk": 423244
  },
  "BEEVEN_1": {
    "mtime": "1773849807.339523",
    "hp": 1859897,
    "atk": 963379
  },
  "DARDAR_1": {
    "mtime": "1773849795.0263405",
    "hp": 2522625,
    "atk": 937320
  },
  "DARDAR_2": {
    "mtime": "1773849796.3758144",
    "hp": 2589558,
    "atk": 493910
  },
  "DARDAR_3": {
    "mtime": "1773849814.4125175",
    "hp": 2644783,
    "atk": 727993
  },
  "DEINE MUTTER_1": {
    "mtime": "1773526208.4192383",
    "hp": 2353440,
    "atk": 991062
  },
  "DEINE MUTTER_2": {
    "mtime": "1773526209.5203638",
    "hp": 2718254,
    "atk": 758382
  },
  "DEINE MUTTER_3": {
    "mtime": "1773526243.806901",
    "hp": 2666553,
    "atk": 602318
  },
  "DREADZ_1": {
    "mtime": "1773849795.7132945",
    "hp": 2050464,
    "atk": 907543
  },
  "DREADZ_2": {
    "mtime": "1773849808.8442464",
    "hp": 2781108,
    "atk": 721093
  },
  "DREADZ_3": {
    "mtime": "1773849817.4669614",
    "hp": 3417085,
    "atk": 477269
  },
  "EVILJAYSEN_1": {
    "mtime": "1773849803.749297",
    "hp": 3184888,
    "atk": 738399
  },
  "EVILJAYSEN_2": {
    "mtime": "1773795248.4656656",
    "hp": 2426120,
    "atk": 967970
  },
  "EVILJAYSEN_3": {
    "mtime": "1773723315.1091025",
    "hp": 3103949,
    "atk": 664559
  },
  "JAYSEN_1": {
    "mtime": "1773795260.0924683",
    "hp": 2895613,
    "atk": 652258
  },
  "JAYSEN_2": {
    "mtime": "1773795260.6604805",
    "hp": 3165751,
    "atk": 738399
  },
  "JAYSEN_3": {
    "mtime": "1773795261.3647494",
    "hp": 2563336,
    "atk": 617358
  },
  "JC85_1": {
    "mtime": "1773849797.055511",
    "hp": 1680214,
    "atk": 210093
  },
  "JOEBOOMBANG_1": {
    "mtime": "1773849785.2958581",
    "hp": 1859088,
    "atk": 721151
  },
  "JOEBOOMBANG_2": {
    "mtime": "1773849789.5599494",
    "hp": 2798830,
    "atk": 629952
  },
  "JOEBOOMBANG_3": {
    "mtime": "1773849793.7130578",
    "hp": 2784598,
    "atk": 908639
  },
  "KOIVU_1": {
    "mtime": "1773849784.6855102",
    "hp": 1495969,
    "atk": 435073
  },
  "KOIVU_2": {
    "mtime": "1773849790.243676",
    "hp": 1246341,
    "atk": 333675
  },
  "KOIVU_3": {
    "mtime": "1773849790.9413083",
    "hp": 2286385,
    "atk": 969811
  },
  "LIPTON_1": {
    "mtime": "1773849805.169054",
    "hp": 2434651,
    "atk": 727993
  },
  "LIPTON_2": {
    "mtime": "1773849674.4821608",
    "hp": 2434651,
    "atk": 727993
  },
  "LIPTON_3": {
    "mtime": "1773727535.441753",
    "hp": 1717220,
    "atk": 409884
  },
  "MUSCHI_1": {
    "mtime": "1773849794.3393207",
    "hp": 2093385,
    "atk": 653490
  },
  "MUSCHI_2": {
    "mtime": "1773849661.2339358",
    "hp": 2096971,
    "atk": 442245
  },
  "MUSCHI_3": {
    "mtime": "1773849664.4772727",
    "hp": 2093385,
    "atk": 653490
  },
  "MUSHROOM_1": {
    "mtime": "1773849819.0200822",
    "hp": 2627715,
    "atk": 644352
  },
  "MUSHROOM_2": {
    "mtime": "1773849819.853575",
    "hp": 1400433,
    "atk": 934283
  },
  "MUSHROOM_3": {
    "mtime": "1773849820.688163",
    "hp": 1776609,
    "atk": 432608
  },
  "NOT HEY_1": {
    "mtime": "1773849802.9029107",
    "hp": 1664186,
    "atk": 300247
  },
  "NOT HEY_2": {
    "mtime": "1773849809.5290253",
    "hp": 2249412,
    "atk": 660636
  },
  "NOT HEY_3": {
    "mtime": "1773849810.257736",
    "hp": 2438415,
    "atk": 997057
  },
  "ONKELRENE666_1": {
    "mtime": "1773601802.8767495",
    "hp": 2210236,
    "atk": 993428
  },
  "ONKELRENE666_2": {
    "mtime": "1773560784.904876",
    "hp": 2210236,
    "atk": 993428
  },
  "ONKELRENE666_3": {
    "mtime": "1773560785.5482514",
    "hp": 2036455,
    "atk": 929467
  },
  "PATRICK_1": {
    "mtime": "1773849812.2855349",
    "hp": 2204455,
    "atk": 446319
  },
  "PATRICK_2": {
    "mtime": "1773844739.0123198",
    "hp": 1516594,
    "atk": 423244
  },
  "PATRICK_3": {
    "mtime": "1773844740.3734853",
    "hp": 708229,
    "atk": 199209
  },
  "PIYO_1": {
    "mtime": "1773849799.0966356",
    "hp": 2388699,
    "atk": 409783
  },
  "PIYO_2": {
    "mtime": "1773849805.855773",
    "hp": 3217652,
    "atk": 780055
  },
  "PIYO_3": {
    "mtime": "1773849821.4487782",
    "hp": 2206402,
    "atk": 639076
  },
  "ROBINHOOD_1": {
    "mtime": "1773727530.2274282",
    "hp": 3005807,
    "atk": 1019190
  },
  "ROBINHOOD_2": {
    "mtime": "1773727597.2731385",
    "hp": 2223036,
    "atk": 307052
  },
  "ROBINHOOD_3": {
    "mtime": "1773727598.2266755",
    "hp": 1600389,
    "atk": 429941
  },
  "SAKETOBA_1": {
    "mtime": "1773844718.766739",
    "hp": 1680214,
    "atk": 210093
  },
  "SAKETOBA_2": {
    "mtime": "1773844719.40999",
    "hp": 1302089,
    "atk": 403508
  },
  "SAKETOBA_3": {
    "mtime": "1773844720.0721548",
    "hp": 1213635,
    "atk": 462256
  },
  "SLOMO_1": {
    "mtime": "1773849787.4657087",
    "hp": 2004098,
    "atk": 614161
  },
  "SLOMO_2": {
    "mtime": "1773849788.0830848",
    "hp": 2471947,
    "atk": 688377
  },
  "SLOMO_3": {
    "mtime": "1773849788.864622",
    "hp": 2031152,
    "atk": 909073
  },
  "STEFAN_1": {
    "mtime": "1773844709.902074",
    "hp": 1246341,
    "atk": 333675
  },
  "TACN_1": {
    "mtime": "1773844710.5280626",
    "hp": 2286385,
    "atk": 969811
  },
  "TACN_2": {
    "mtime": "1773844711.1553507",
    "hp": 2192274,
    "atk": 622057
  },
  "TACN_3": {
    "mtime": "1773844721.353886",
    "hp": 2570918,
    "atk": 709998
  },
  "TIGY_1": {
    "mtime": "1773844704.507704",
    "hp": 1495969,
    "atk": 435073
  },
  "STEFAN_2": {
    "mtime": "1773844711.7917812",
    "hp": 1327769,
    "atk": 942384
  },
  "BEEVEN_2": {
    "mtime": "1773849808.1590142",
    "hp": 1665117,
    "atk": 398335
  },
  "JC85_2": {
    "mtime": "1773849797.7611105",
    "hp": 1302089,
    "atk": 403508
  },
  "JC85_3": {
    "mtime": "1773849798.4208272",
    "hp": 1213635,
    "atk": 462256
  },
  "STEFAN_3": {
    "mtime": "1773844721.9911332",
    "hp": 2074235,
    "atk": 903041
  },
  "BEEVEN_3": {
    "mtime": "1773844730.6072702",
    "hp": 1665117,
    "atk": 398335
  }
}