{
  "AIRBORNES4_AIRBORNES4_1.PNG": {
    "mtime": "1774841961.8035636",
    "hp": 1836828,
    "atk": 631229
  },
  "AIRBORNES4_AIRBORNES4_2.PNG": {
    "mtime": "1774841963.0848696",
    "hp": 1438060,
    "atk": 293921
  },
  "AIRBORNES4_AIRBORNES4_3.PNG": {
    "mtime": "1774842017.6995902",
    "hp": 1254268,
    "atk": 483357
  },
  "ASABIITOSBAA_ASABIITOSBAA_1.PNG": {
    "mtime": "1774931692.3401217",
    "hp": 679275,
    "atk": 202818
  },
  "BEEVEN_BEEVEN_1.PNG": {
    "mtime": "1774931693.859213",
    "hp": 2083538,
    "atk": 567063
  },
  "BEEVEN_BEEVEN_2.PNG": {
    "mtime": "1774931695.3407838",
    "hp": 1353765,
    "atk": 499549
  },
  "DARDAR_DARDAR_1.PNG": {
    "mtime": "1774931749.1541939",
    "hp": 2217491,
    "atk": 543788
  },
  "DARDAR_DARDAR_2.PNG": {
    "mtime": "1774931756.1068242",
    "hp": 3264385,
    "atk": 665341
  },
  "DREADZ_DREADZ_1.PNG": {
    "mtime": "1774931667.3167067",
    "hp": 2307845,
    "atk": 671978
  },
  "DREADZ_DREADZ_2.PNG": {
    "mtime": "1774931714.7830577",
    "hp": 3665513,
    "atk": 515450
  },
  "EVILJAYSEN_EVILJAYSEN_1.PNG": {
    "mtime": "1774931709.0230498",
    "hp": 2999315,
    "atk": 713786
  },
  "EVILJAYSEN_EVILJAYSEN_2.PNG": {
    "mtime": "1774931739.9410446",
    "hp": 3435338,
    "atk": 670185
  },
  "EVILJAYSEN_EVILJAYSEN_3.PNG": {
    "mtime": "1774931741.5730703",
    "hp": 2847944,
    "atk": 484448
  },
  "JAYSEN_JAYSEN_1.PNG": {
    "mtime": "1774931735.265853",
    "hp": 3402259,
    "atk": 665936
  },
  "JAYSEN_JAYSEN_2.PNG": {
    "mtime": "1774931736.8001935",
    "hp": 2752310,
    "atk": 484448
  },
  "JAYSEN_JAYSEN_3.PNG": {
    "mtime": "1774931738.3839588",
    "hp": 2897629,
    "atk": 713786
  },
  "JC85_JC85_1.PNG": {
    "mtime": "1774931717.7840278",
    "hp": 1369054,
    "atk": 658890
  },
  "JC85_JC85_2.PNG": {
    "mtime": "1774931795.485627",
    "hp": 1666577,
    "atk": 328300
  },
  "JOEBOOMBANG_JOEBOOMBANG_1.PNG": {
    "mtime": "1774931711.8568666",
    "hp": 2308637,
    "atk": 576057
  },
  "JOEBOOMBANG_JOEBOOMBANG_2.PNG": {
    "mtime": "1774931762.0699937",
    "hp": 3198355,
    "atk": 780055
  },
  "JOEBOOMBANG_JOEBOOMBANG_3.PNG": {
    "mtime": "1774931794.0705462",
    "hp": 2985921,
    "atk": 490793
  },
  "KOIVU_KOIVU_1.PNG": {
    "mtime": "1774931658.918039",
    "hp": 1770644,
    "atk": 481659
  },
  "KOIVU_KOIVU_2.PNG": {
    "mtime": "1774931660.3000119",
    "hp": 1697516,
    "atk": 459748
  },
  "KOIVU_KOIVU_3.PNG": {
    "mtime": "1774931689.3720617",
    "hp": 1856585,
    "atk": 537340
  },
  "MUSCHI_MUSCHI_1.PNG": {
    "mtime": "1774931681.8039315",
    "hp": 1943142,
    "atk": 519905
  },
  "MUSCHI_MUSCHI_2.PNG": {
    "mtime": "1774931683.4440274",
    "hp": 1948789,
    "atk": 477316
  },
  "MUSCHI_MUSCHI_3.PNG": {
    "mtime": "1774931787.04284",
    "hp": 2340792,
    "atk": 640903
  },
  "MUSHROOM_MUSHROOM_1.PNG": {
    "mtime": "1774931670.3030975",
    "hp": 2301620,
    "atk": 465357
  },
  "MUSHROOM_MUSHROOM_2.PNG": {
    "mtime": "1774931702.774142",
    "hp": 1169289,
    "atk": 405193
  },
  "MUSHROOM_MUSHROOM_3.PNG": {
    "mtime": "1774931788.6645353",
    "hp": 2377988,
    "atk": 657131
  },
  "NOT HEY_NOT HEY_1.PNG": {
    "mtime": "1774931725.2340453",
    "hp": 2249412,
    "atk": 686044
  },
  "NOT HEY_NOT HEY_2.PNG": {
    "mtime": "1774931768.1690974",
    "hp": 2656314,
    "atk": 639342
  },
  "NOT HEY_NOT HEY_3.PNG": {
    "mtime": "1774931796.897697",
    "hp": 1662532,
    "atk": 308826
  },
  "ONKELRENE666_ONKELRENE666_1.PNG": {
    "mtime": "1774931690.753137",
    "hp": 3136394,
    "atk": 788437
  },
  "ONKELRENE666_ONKELRENE666_2.PNG": {
    "mtime": "1774931698.2802513",
    "hp": 2036455,
    "atk": 529467
  },
  "ONKELRENE666_ONKELRENE666_3.PNG": {
    "mtime": "1774931746.252886",
    "hp": 2382849,
    "atk": 567998
  },
  "PATRICK_PATRICK_1.PNG": {
    "mtime": "1774931710.4099767",
    "hp": 2529439,
    "atk": 665341
  },
  "PATRICK_PATRICK_2.PNG": {
    "mtime": "1774931720.7627153",
    "hp": 2371294,
    "atk": 688377
  },
  "SLOMO_SLOMO_1.PNG": {
    "mtime": "1774931760.6630073",
    "hp": 2684560,
    "atk": 688377
  },
  "SLOMO_SLOMO_2.PNG": {
    "mtime": "1774931785.4173636",
    "hp": 2529534,
    "atk": 665341
  },
  "STEFAN_STEFAN_1.PNG": {
    "mtime": "1774931713.3217168",
    "hp": 2074235,
    "atk": 503041
  },
  "STEFAN_STEFAN_2.PNG": {
    "mtime": "1774931763.5559382",
    "hp": 1246341,
    "atk": 333675
  },
  "TACN_TACN_1.PNG": {
    "mtime": "1774931699.765982",
    "hp": 2453618,
    "atk": 713786
  },
  "TACN_TACN_2.PNG": {
    "mtime": "1774931701.306749",
    "hp": 2411017,
    "atk": 537996
  },
  "TACN_TACN_3.PNG": {
    "mtime": "1774931747.6867695",
    "hp": 2739107,
    "atk": 665341
  },
  "TIGY_TIGY_1.PNG": {
    "mtime": "1774841966.928579",
    "hp": 1283065,
    "atk": 498564
  },
  "TIGY_TIGY_2.PNG": {
    "mtime": "1774841988.1295183",
    "hp": 2201756,
    "atk": 504158
  },
  "TIGY_TIGY_3.PNG": {
    "mtime": "1774842026.622213",
    "hp": 1495969,
    "atk": 435073
  },
  "YOPHBI KAWAK_YOPHBI KAWAK_1.PNG": {
    "mtime": "1774931722.2289908",
    "hp": 1489892,
    "atk": 397446
  },
  "YOPHBI KAWAK_YOPHBI KAWAK_2.PNG": {
    "mtime": "1774931765.1455593",
    "hp": 1225726,
    "atk": 382450
  },
  "ASABIITOSBAA_ASABIITOSBAA_2.PNG": {
    "mtime": "1774931743.1866913",
    "hp": 1593285,
    "atk": 444305
  },
  "ASABIITOSBAA_ASABIITOSBAA_3.PNG": {
    "mtime": "1774931744.7920163",
    "hp": 911686,
    "atk": 308425
  },
  "BEEVEN_BEEVEN_3.PNG": {
    "mtime": "1774931696.80762",
    "hp": 1742779,
    "atk": 386196
  },
  "PIYO_PIYO_1.PNG": {
    "mtime": "1774931685.0362806",
    "hp": 2699277,
    "atk": 713786
  },
  "PIYO_PIYO_2.PNG": {
    "mtime": "1774931704.45025",
    "hp": 3138241,
    "atk": 665341
  },
  "PIYO_PIYO_3.PNG": {
    "mtime": "1774931716.3288343",
    "hp": 1891647,
    "atk": 578826
  },
  "PATRICK_PATRICK_3.PNG": {
    "mtime": "1774931723.703401",
    "hp": 2204455,
    "atk": 446319
  },
  "STEFAN_STEFAN_3.PNG": {
    "mtime": "1774931766.6925552",
    "hp": 1078934,
    "atk": 409352
  },
  "DREADZ_DREADZ_3.PNG": {
    "mtime": "1774931719.2667382",
    "hp": 2267423,
    "atk": 590719
  },
  "LIPTON_LIPTON_1.PNG": {
    "mtime": "1774931668.8221252",
    "hp": 2434651,
    "atk": 727993
  },
  "LIPTON_LIPTON_2.PNG": {
    "mtime": "1774931778.435705",
    "hp": 2740940,
    "atk": 591665
  },
  "LIPTON_LIPTON_3.PNG": {
    "mtime": "1774931798.3764997",
    "hp": 2474410,
    "atk": 418288
  },
  "ROBINHOOD_ROBINHOOD_1.PNG": {
    "mtime": "1774931677.2611876",
    "hp": 2283092,
    "atk": 727993
  },
  "ROBINHOOD_ROBINHOOD_2.PNG": {
    "mtime": "1774931678.7776837",
    "hp": 1849993,
    "atk": 277944
  },
  "ROBINHOOD_ROBINHOOD_3.PNG": {
    "mtime": "1774931680.200045",
    "hp": 1698392,
    "atk": 482975
  },
  "YOPHBI KAWAK_YOPHBI KAWAK_3.PNG": {
    "mtime": "1774931792.738987",
    "hp": 938819,
    "atk": 183152
  }
}