{
  "AIRBORNES4_1": {
    "mtime": "1773601791.480638",
    "hp": 1500201,
    "atk": 648810
  },
  "AIRBORNES4_2": {
    "mtime": "1773601793.655037",
    "hp": 1386239,
    "atk": 60044
  },
  "AIRBORNES4_3": {
    "mtime": "1773601795.8604636",
    "hp": 1438060,
    "atk": 272796
  },
  "ASABIITOSBAA_1": {
    "mtime": "1773526180.4822576",
    "hp": 857844,
    "atk": 182636
  },
  "ASABIITOSBAA_2": {
    "mtime": "1773526182.4323978",
    "hp": 216320,
    "atk": 9331
  },
  "ASABIITOSBAA_3": {
    "mtime": "1773526210.529433",
    "hp": 1516594,
    "atk": 423244
  },
  "BEEVEN_1": {
    "mtime": "1773702179.1167786",
    "hp": 1665117,
    "atk": 398335
  },
  "DARDAR_1": {
    "mtime": "1773703619.1288283",
    "hp": 3728855,
    "atk": 1131167
  },
  "DARDAR_2": {
    "mtime": "1773703639.0356052",
    "hp": 2526703,
    "atk": 493910
  },
  "DARDAR_3": {
    "mtime": "1773703639.578757",
    "hp": 2522625,
    "atk": 937320
  },
  "DEINE MUTTER_1": {
    "mtime": "1773526208.4192383",
    "hp": 2353440,
    "atk": 991062
  },
  "DEINE MUTTER_2": {
    "mtime": "1773526209.5203638",
    "hp": 2718254,
    "atk": 758382
  },
  "DEINE MUTTER_3": {
    "mtime": "1773526243.806901",
    "hp": 2666553,
    "atk": 602318
  },
  "DREADZ_1": {
    "mtime": "1773703628.6156447",
    "hp": 3322442,
    "atk": 669050
  },
  "DREADZ_2": {
    "mtime": "1773703629.2977104",
    "hp": 3003724,
    "atk": 868433
  },
  "DREADZ_3": {
    "mtime": "1773702181.1507802",
    "hp": 3083469,
    "atk": 788510
  },
  "EVILJAYSEN_1": {
    "mtime": "1773703620.6004355",
    "hp": 3435338,
    "atk": 670185
  },
  "EVILJAYSEN_2": {
    "mtime": "1773601805.7519493",
    "hp": 3435338,
    "atk": 670185
  },
  "EVILJAYSEN_3": {
    "mtime": "1773601806.4045994",
    "hp": 3103949,
    "atk": 664559
  },
  "JAYSEN_1": {
    "mtime": "1773703617.8187332",
    "hp": 3165751,
    "atk": 738399
  },
  "JAYSEN_2": {
    "mtime": "1773703623.338416",
    "hp": 3123378,
    "atk": 644822
  },
  "JAYSEN_3": {
    "mtime": "1773559838.759764",
    "hp": 395779,
    "atk": 879571
  },
  "JC85_1": {
    "mtime": "1773703627.978484",
    "hp": 2592207,
    "atk": 703343
  },
  "JOEBOOMBANG_1": {
    "mtime": "1773601782.3387141",
    "hp": 1863954,
    "atk": 728888
  },
  "JOEBOOMBANG_2": {
    "mtime": "1773601783.0137577",
    "hp": 2798830,
    "atk": 629952
  },
  "JOEBOOMBANG_3": {
    "mtime": "1773601801.6346228",
    "hp": 2784598,
    "atk": 908639
  },
  "KOIVU_1": {
    "mtime": "1773601783.5778172",
    "hp": 2522625,
    "atk": 937320
  },
  "KOIVU_2": {
    "mtime": "1773601784.1325064",
    "hp": 1327769,
    "atk": 942384
  },
  "KOIVU_3": {
    "mtime": "1773601802.1750233",
    "hp": 3254795,
    "atk": 636455
  },
  "LIPTON_1": {
    "mtime": "1773703618.4345703",
    "hp": 3243998,
    "atk": 1073568
  },
  "LIPTON_2": {
    "mtime": "1773703621.281797",
    "hp": 4020732,
    "atk": 657662
  },
  "LIPTON_3": {
    "mtime": "1773703625.9765096",
    "hp": 1102520,
    "atk": 409884
  },
  "MUSCHI_1": {
    "mtime": "1773601778.1366603",
    "hp": 1566967,
    "atk": 463903
  },
  "MUSCHI_2": {
    "mtime": "1773601778.8449836",
    "hp": 1566967,
    "atk": 463903
  },
  "MUSCHI_3": {
    "mtime": "1773601811.79975",
    "hp": 2029546,
    "atk": 726502
  },
  "MUSHROOM_1": {
    "mtime": "1773601825.980845",
    "hp": 2133695,
    "atk": 911063
  },
  "MUSHROOM_2": {
    "mtime": "1773601827.5259745",
    "hp": 2497094,
    "atk": 608143
  },
  "MUSHROOM_3": {
    "mtime": "1773601829.0347936",
    "hp": 1479154,
    "atk": 285103
  },
  "NOT HEY_1": {
    "mtime": "1773703619.8893805",
    "hp": 3100455,
    "atk": 737814
  },
  "NOT HEY_2": {
    "mtime": "1773601807.7626808",
    "hp": 2656314,
    "atk": 639342
  },
  "NOT HEY_3": {
    "mtime": "1773601808.78977",
    "hp": 2249412,
    "atk": 660636
  },
  "ONKELRENE666_1": {
    "mtime": "1773601802.8767495",
    "hp": 2210236,
    "atk": 993428
  },
  "ONKELRENE666_2": {
    "mtime": "1773560784.904876",
    "hp": 2210236,
    "atk": 993428
  },
  "ONKELRENE666_3": {
    "mtime": "1773560785.5482514",
    "hp": 2036455,
    "atk": 929467
  },
  "PATRICK_1": {
    "mtime": "1773601800.9188254",
    "hp": 2365812,
    "atk": 683872
  },
  "PATRICK_2": {
    "mtime": "1773601830.80452",
    "hp": 2204455,
    "atk": 446319
  },
  "PATRICK_3": {
    "mtime": "1773560795.6989667",
    "hp": 2204455,
    "atk": 446319
  },
  "PIYO_1": {
    "mtime": "1773601792.9807565",
    "hp": 2206402,
    "atk": 639076
  },
  "PIYO_2": {
    "mtime": "1773601795.1989932",
    "hp": 2388699,
    "atk": 409783
  },
  "PIYO_3": {
    "mtime": "1773601815.1598947",
    "hp": 3217652,
    "atk": 780055
  },
  "ROBINHOOD_1": {
    "mtime": "1773703621.9630783",
    "hp": 3005807,
    "atk": 1019190
  },
  "ROBINHOOD_2": {
    "mtime": "1773703642.7213447",
    "hp": 2223036,
    "atk": 307052
  },
  "ROBINHOOD_3": {
    "mtime": "1773703643.3443716",
    "hp": 1600389,
    "atk": 429941
  },
  "SAKETOBA_1": {
    "mtime": "1773601790.0986524",
    "hp": 1250527,
    "atk": 492566
  },
  "SAKETOBA_2": {
    "mtime": "1773601790.7626367",
    "hp": 1393007,
    "atk": 366992
  },
  "SAKETOBA_3": {
    "mtime": "1773601831.5215993",
    "hp": 2052193,
    "atk": 668866
  },
  "SLOMO_1": {
    "mtime": "1773601781.5626218",
    "hp": 2031152,
    "atk": 909073
  },
  "SLOMO_2": {
    "mtime": "1773601809.5076952",
    "hp": 2471947,
    "atk": 688377
  },
  "SLOMO_3": {
    "mtime": "1773601816.5189123",
    "hp": 2268932,
    "atk": 683872
  },
  "STEFAN_1": {
    "mtime": "1773702181.7875967",
    "hp": 2074235,
    "atk": 903041
  },
  "TACN_1": {
    "mtime": "1773703622.660559",
    "hp": 899496,
    "atk": 858234
  },
  "TACN_2": {
    "mtime": "1773703642.1697373",
    "hp": 2192274,
    "atk": 705381
  },
  "TACN_3": {
    "mtime": "1773560789.853274",
    "hp": 1897095,
    "atk": 906077
  },
  "TIGY_1": {
    "mtime": "1773703625.3855915",
    "hp": 1871962,
    "atk": 904158
  },
  "STEFAN_2": {
    "mtime": "1773561994.8572128",
    "hp": 2074235,
    "atk": 903041
  },
  "BEEVEN_2": {
    "mtime": "1773601824.4408455",
    "hp": 1859897,
    "atk": 963379
  },
  "JC85_2": {
    "mtime": "1773601805.1106873",
    "hp": 2103425,
    "atk": 465902
  },
  "JC85_3": {
    "mtime": "1773601817.1840806",
    "hp": 2237843,
    "atk": 68607
  }
}