{
  "AIRBORNES4_1": {
    "mtime": "1773872279.9011075",
    "hp": 1859088,
    "atk": 721151
  },
  "AIRBORNES4_2": {
    "mtime": "1773872301.753191",
    "hp": 2798830,
    "atk": 629952
  },
  "AIRBORNES4_3": {
    "mtime": "1773872318.431833",
    "hp": 2784598,
    "atk": 8639
  },
  "ASABIITOSBAA_1": {
    "mtime": "1773885415.6040428",
    "hp": 1516594,
    "atk": 423244
  },
  "ASABIITOSBAA_2": {
    "mtime": "1773885419.6140516",
    "hp": 708229,
    "atk": 199209
  },
  "ASABIITOSBAA_3": {
    "mtime": "1773526210.529433",
    "hp": 1516594,
    "atk": 423244
  },
  "BEEVEN_1": {
    "mtime": "1773885368.4344268",
    "hp": 1665117,
    "atk": 358335
  },
  "DARDAR_1": {
    "mtime": "1773885326.297745",
    "hp": 2922625,
    "atk": 37320
  },
  "DARDAR_2": {
    "mtime": "1773885330.18747",
    "hp": 2989558,
    "atk": 493910
  },
  "DARDAR_3": {
    "mtime": "1773885404.2340987",
    "hp": 2644783,
    "atk": 727993
  },
  "DEINE MUTTER_1": {
    "mtime": "1773526208.4192383",
    "hp": 2353440,
    "atk": 991062
  },
  "DEINE MUTTER_2": {
    "mtime": "1773526209.5203638",
    "hp": 2718254,
    "atk": 758382
  },
  "DEINE MUTTER_3": {
    "mtime": "1773526243.806901",
    "hp": 2666553,
    "atk": 602318
  },
  "DREADZ_1": {
    "mtime": "1773885328.2542815",
    "hp": 2050464,
    "atk": 907943
  },
  "DREADZ_2": {
    "mtime": "1773885370.7394295",
    "hp": 2781108,
    "atk": 721093
  },
  "DREADZ_3": {
    "mtime": "1773885417.6289062",
    "hp": 3417085,
    "atk": 477269
  },
  "EVILJAYSEN_1": {
    "mtime": "1773885352.2686",
    "hp": 2943165,
    "atk": 656497
  },
  "EVILJAYSEN_2": {
    "mtime": "1773885355.8863795",
    "hp": 3184888,
    "atk": 738399
  },
  "EVILJAYSEN_3": {
    "mtime": "1773885378.6980927",
    "hp": 2943165,
    "atk": 656497
  },
  "JAYSEN_1": {
    "mtime": "1773885354.152284",
    "hp": 2963336,
    "atk": 617358
  },
  "JAYSEN_2": {
    "mtime": "1773885366.4652617",
    "hp": 2895613,
    "atk": 652258
  },
  "JAYSEN_3": {
    "mtime": "1773885372.7922752",
    "hp": 3165751,
    "atk": 738399
  },
  "JC85_1": {
    "mtime": "1773885281.686664",
    "hp": 1589373,
    "atk": 494187
  },
  "JOEBOOMBANG_1": {
    "mtime": "1773885275.3308883",
    "hp": 1859088,
    "atk": 721151
  },
  "JOEBOOMBANG_2": {
    "mtime": "1773885304.2855406",
    "hp": 2798830,
    "atk": 629952
  },
  "JOEBOOMBANG_3": {
    "mtime": "1773885322.4944127",
    "hp": 2784598,
    "atk": 8639
  },
  "KOIVU_1": {
    "mtime": "1773885277.8087177",
    "hp": 1697516,
    "atk": 459748
  },
  "KOIVU_2": {
    "mtime": "1773885279.8097916",
    "hp": 1718782,
    "atk": 495420
  },
  "KOIVU_3": {
    "mtime": "1773885383.6113632",
    "hp": 1856585,
    "atk": 37340
  },
  "LIPTON_1": {
    "mtime": "1773885317.721448",
    "hp": 2740940,
    "atk": 91665
  },
  "LIPTON_2": {
    "mtime": "1773885359.890458",
    "hp": 2434651,
    "atk": 727993
  },
  "LIPTON_3": {
    "mtime": "1773885393.5999594",
    "hp": 2429004,
    "atk": 433138
  },
  "MUSCHI_1": {
    "mtime": "1773885313.7080104",
    "hp": 1662573,
    "atk": 493496
  },
  "MUSCHI_2": {
    "mtime": "1773885315.5760515",
    "hp": 2096971,
    "atk": 442245
  },
  "MUSCHI_3": {
    "mtime": "1773885324.3624828",
    "hp": 2093385,
    "atk": 653490
  },
  "MUSHROOM_1": {
    "mtime": "1773885338.4133482",
    "hp": 2388699,
    "atk": 409783
  },
  "MUSHROOM_2": {
    "mtime": "1773885362.4924493",
    "hp": 3217652,
    "atk": 780055
  },
  "MUSHROOM_3": {
    "mtime": "1773885421.5859063",
    "hp": 2206402,
    "atk": 639076
  },
  "NOT HEY_1": {
    "mtime": "1773885374.7882829",
    "hp": 2249412,
    "atk": 660636
  },
  "NOT HEY_2": {
    "mtime": "1773885376.7444446",
    "hp": 2438415,
    "atk": 997057
  },
  "NOT HEY_3": {
    "mtime": "1773884109.4083552",
    "hp": 2249412,
    "atk": 660636
  },
  "ONKELRENE666_1": {
    "mtime": "1773885283.7058454",
    "hp": 2210236,
    "atk": 615332
  },
  "ONKELRENE666_2": {
    "mtime": "1773885285.6819153",
    "hp": 2963230,
    "atk": 788437
  },
  "ONKELRENE666_3": {
    "mtime": "1773885399.5144186",
    "hp": 2036455,
    "atk": 29467
  },
  "PATRICK_1": {
    "mtime": "1773885287.618461",
    "hp": 2365812,
    "atk": 683872
  },
  "PATRICK_2": {
    "mtime": "1773885289.554423",
    "hp": 2287188,
    "atk": 688377
  },
  "PATRICK_3": {
    "mtime": "1773885381.753471",
    "hp": 2204455,
    "atk": 446319
  },
  "PIYO_1": {
    "mtime": "1773885332.3393948",
    "hp": 1680214,
    "atk": 210093
  },
  "PIYO_2": {
    "mtime": "1773885334.3967245",
    "hp": 1302089,
    "atk": 403508
  },
  "PIYO_3": {
    "mtime": "1773885336.4716654",
    "hp": 1213635,
    "atk": 462256
  },
  "ROBINHOOD_1": {
    "mtime": "1773727530.2274282",
    "hp": 3005807,
    "atk": 1019190
  },
  "ROBINHOOD_2": {
    "mtime": "1773727597.2731385",
    "hp": 2223036,
    "atk": 307052
  },
  "ROBINHOOD_3": {
    "mtime": "1773727598.2266755",
    "hp": 1600389,
    "atk": 429941
  },
  "SAKETOBA_1": {
    "mtime": "1773844718.766739",
    "hp": 1680214,
    "atk": 210093
  },
  "SAKETOBA_2": {
    "mtime": "1773844719.40999",
    "hp": 1302089,
    "atk": 403508
  },
  "SAKETOBA_3": {
    "mtime": "1773844720.0721548",
    "hp": 1213635,
    "atk": 462256
  },
  "SLOMO_1": {
    "mtime": "1773885298.4656165",
    "hp": 2004098,
    "atk": 614161
  },
  "SLOMO_2": {
    "mtime": "1773885300.309701",
    "hp": 2471947,
    "atk": 688377
  },
  "SLOMO_3": {
    "mtime": "1773885302.229171",
    "hp": 2031152,
    "atk": 909073
  },
  "STEFAN_1": {
    "mtime": "1773885306.290666",
    "hp": 1246341,
    "atk": 333679
  },
  "TACN_1": {
    "mtime": "1773885308.2447565",
    "hp": 2286385,
    "atk": 69811
  },
  "TACN_2": {
    "mtime": "1773885310.010289",
    "hp": 2192274,
    "atk": 622057
  },
  "TACN_3": {
    "mtime": "1773885340.3395844",
    "hp": 2570918,
    "atk": 709998
  },
  "TIGY_1": {
    "mtime": "1773885273.4804094",
    "hp": 1495969,
    "atk": 435073
  },
  "STEFAN_2": {
    "mtime": "1773885311.8593946",
    "hp": 1327769,
    "atk": 42384
  },
  "BEEVEN_2": {
    "mtime": "1773885411.756021",
    "hp": 1353765,
    "atk": 499549
  },
  "JC85_2": {
    "mtime": "1773885357.7945569",
    "hp": 2802157,
    "atk": 8239
  },
  "JC85_3": {
    "mtime": "1773885364.4452956",
    "hp": 3043099,
    "atk": 845263
  },
  "STEFAN_3": {
    "mtime": "1773885342.229107",
    "hp": 2074235,
    "atk": 903041
  },
  "BEEVEN_3": {
    "mtime": "1773885413.6581604",
    "hp": 1859897,
    "atk": 963379
  },
  "4YOPHBIKALUAK_1": {
    "mtime": "1773885388.5443654",
    "hp": 1107239,
    "atk": 319071
  },
  "4YOPHBIKALUAK_2": {
    "mtime": "1773885391.529112",
    "hp": 910102,
    "atk": 269808
  },
  "LJ5_1": {
    "mtime": "1773868706.448232",
    "hp": 2627715,
    "atk": 644352
  },
  "4YOPHBIKALUAK_3": {
    "mtime": "1773871582.8284435",
    "hp": 910102,
    "atk": 269808
  },
  "H_1": {
    "mtime": "1773875253.4448605",
    "hp": 2627715,
    "atk": 644352
  },
  "H_2": {
    "mtime": "1773875257.5478537",
    "hp": 1400433,
    "atk": 34283
  },
  "H_3": {
    "mtime": "1773875261.773901",
    "hp": 1776609,
    "atk": 432608
  },
  "TIGY_2": {
    "mtime": "1773885295.583743",
    "hp": 1495969,
    "atk": 435073
  },
  "TIGY_3": {
    "mtime": "1773885395.5872276",
    "hp": 1530549,
    "atk": 86022
  },
  "CAP_1": {
    "mtime": "1773885406.1250138",
    "hp": 3254795,
    "atk": 636455
  },
  "CAP_2": {
    "mtime": "1773885407.941216",
    "hp": 3119129,
    "atk": 920990
  },
  "CAP_3": {
    "mtime": "1773885409.8211389",
    "hp": 1950360,
    "atk": 21340
  }
}